company_id,year_started,industry,region,initial_revenue,current_revenue,profit_margin,cash_flow_health,funding,churn_rate,debt_ratio,marketing_investment,competition_level,management_experience,employee_turnover,customer_satisfaction,product_diversification,inventory_efficiency,survival_status,risk_score,risk_category
CMP1000,2016,Real Estate,Asia,353863,394274,34.59,87.12,Yes,17.35,0.89,129674,Moderate,5,52.18,54.74,8,85.8,Failed,0.0,Low Risk
CMP1001,2013,Manufacturing,Europe,269690,217285,4.09,76.61,Yes,17.21,0.43,6594,Low,2,21.77,90.17,2,62.71,Survived,0.0,Low Risk
CMP1002,2022,Finance,Africa,279820,338404,12.44,78.84,No,37.63,0.16,8371,Moderate,1,15.6,74.82,9,69.69,Survived,0.0,Low Risk
CMP1003,2020,Real Estate,South America,119616,159476,23.54,66.5,Yes,35.94,0.12,48315,Low,16,12.1,79.66,2,84.2,Survived,0.0,Low Risk
CMP1004,2017,Retail,North America,406309,758842,-17.76,26.03,No,15.24,0.8,128251,High,6,21.38,54.14,1,35.91,Failed,1.0,High Risk
CMP1005,2022,Retail,Africa,106231,160928,5.18,90.72,No,41.29,0.55,80526,High,16,47.9,79.57,2,43.92,Survived,0.0,Low Risk
CMP1006,2014,Technology,Asia,289458,664560,-2.09,67.07,Yes,42.97,0.76,148698,High,14,30.94,41.55,7,72.53,Failed,1.0,High Risk
CMP1007,2016,Education,Africa,39623,850610,-19.75,56.04,No,16.05,0.3,87005,Low,3,17.51,60.64,8,79.42,Failed,1.0,High Risk
CMP1008,2019,Finance,South America,218747,296141,-4.27,11.1,No,17.24,0.39,106573,Moderate,15,14.14,74.47,5,81.42,Failed,1.0,High Risk
CMP1009,2012,Logistics,North America,478298,943115,-25.23,44.71,No,23.74,0.13,139202,High,3,23.3,48.04,6,54.91,Failed,1.0,High Risk
CMP1010,2016,Real Estate,North America,496840,643561,-28.19,46.04,No,42.47,0.92,138900,Low,2,56.7,85.27,1,35.36,Failed,1.0,High Risk
CMP1011,2020,Retail,South America,125228,696595,-20.54,86.46,Yes,39.68,0.67,58514,Low,1,23.87,52.93,6,56.27,Failed,1.0,High Risk
CMP1012,2020,Manufacturing,South America,446346,248500,37.42,54.66,No,6.41,0.89,184736,Moderate,9,59.35,75.88,8,43.84,Failed,0.0,Low Risk
CMP1013,2017,Real Estate,Asia,202828,690417,8.47,38.04,No,18.89,0.33,149955,High,9,31.69,62.29,3,47.47,Failed,0.0,Low Risk
CMP1014,2014,Education,North America,379768,132311,37.61,97.68,No,25.79,0.62,175131,Low,7,14.85,72.78,1,76.34,Survived,0.0,Low Risk
CMP1015,2013,Manufacturing,Africa,177364,759034,0.27,11.07,No,23.63,0.68,175004,Moderate,3,54.01,45.91,4,34.53,Failed,0.292,Low Risk
CMP1016,2017,Healthcare,Europe,393929,245546,-8.17,42.25,Yes,10.34,0.37,193341,High,18,30.32,40.93,1,79.65,Failed,1.0,High Risk
CMP1017,2017,Healthcare,Europe,368350,196733,5.43,4.2,Yes,38.93,0.82,76986,Moderate,11,44.03,90.03,8,55.66,Failed,0.0,Low Risk
CMP1018,2012,Real Estate,South America,89274,651233,0.77,73.99,No,31.11,0.91,86959,Moderate,7,59.1,54.83,5,65.76,Failed,0.092,Low Risk
CMP1019,2015,Education,Asia,153541,569560,-22.6,91.81,No,38.03,0.85,3035,Low,9,7.76,85.08,1,35.38,Failed,1.0,High Risk
CMP1020,2014,Finance,Europe,73947,875825,14.86,28.0,Yes,38.93,0.73,110767,Low,1,10.32,94.96,8,50.24,Failed,0.0,Low Risk
CMP1021,2011,Real Estate,North America,173606,847644,-14.88,85.83,Yes,34.18,0.34,172817,Low,14,44.63,51.63,9,35.38,Failed,1.0,High Risk
CMP1022,2017,Retail,South America,214692,146470,13.37,29.22,Yes,20.89,0.34,18241,Moderate,6,20.5,54.58,2,87.69,Failed,0.0,Low Risk
CMP1023,2021,Food & Beverage,Africa,68874,644318,15.51,91.08,Yes,28.25,0.92,53975,Low,7,15.14,76.46,9,78.44,Failed,0.0,Low Risk
CMP1024,2015,Real Estate,South America,69708,318647,-19.36,75.4,No,8.9,0.11,155226,Moderate,10,7.16,93.1,8,57.58,Failed,1.0,High Risk
CMP1025,2011,Real Estate,Africa,94553,924142,-25.71,80.49,No,30.97,0.71,157697,Moderate,7,6.2,90.37,7,43.42,Failed,1.0,High Risk
CMP1026,2021,Manufacturing,South America,88344,6570,24.65,1.8,Yes,9.71,0.7,177022,Low,2,47.6,67.66,3,86.01,Failed,0.0,Low Risk
CMP1027,2014,Food & Beverage,South America,331282,330929,2.19,96.28,Yes,31.84,0.63,57396,High,4,12.39,83.73,2,50.68,Survived,0.0,Low Risk
CMP1028,2010,Retail,South America,205374,533398,-25.93,72.67,Yes,11.87,0.94,119920,High,17,30.72,47.47,7,39.66,Failed,1.0,High Risk
CMP1029,2021,Real Estate,Africa,67638,499115,39.64,30.48,Yes,7.05,0.37,145403,High,1,38.32,93.76,5,63.79,Failed,0.0,Low Risk
CMP1030,2019,Manufacturing,Africa,98249,79141,-25.96,82.94,No,9.11,0.39,195999,Moderate,10,28.56,93.04,6,86.63,Failed,1.0,High Risk
CMP1031,2015,Education,South America,388009,12115,18.65,28.15,No,2.09,0.17,87226,Moderate,19,6.49,49.01,4,30.23,Failed,0.0,Low Risk
CMP1032,2022,Real Estate,Europe,22719,39062,38.86,87.28,No,32.91,0.48,85719,Moderate,15,48.09,56.47,2,44.29,Failed,0.0,Low Risk
CMP1033,2021,Food & Beverage,Asia,173962,809343,-13.26,11.26,Yes,33.49,0.32,64014,Low,10,5.58,45.51,9,86.31,Failed,1.0,High Risk
CMP1034,2018,Technology,Asia,490452,628349,-20.04,70.37,No,24.14,0.39,40346,Moderate,19,46.9,54.94,3,40.27,Failed,1.0,High Risk
CMP1035,2010,Food & Beverage,Asia,449725,294700,-21.5,54.07,No,8.94,0.81,71411,Low,12,54.13,84.88,7,36.79,Failed,1.0,High Risk
CMP1036,2020,Healthcare,Africa,62534,995635,-8.77,9.65,No,5.59,0.9,186550,Low,16,28.81,60.81,8,64.21,Failed,1.0,High Risk
CMP1037,2020,Retail,Africa,112241,390479,-22.93,24.19,No,2.82,0.26,144326,High,9,34.45,44.86,2,81.71,Failed,1.0,High Risk
CMP1038,2019,Logistics,Europe,432003,526257,18.45,1.24,Yes,9.13,0.42,187806,High,15,31.23,58.82,6,58.63,Failed,0.0,Low Risk
CMP1039,2021,Real Estate,Asia,146209,830185,-25.64,46.88,Yes,40.31,0.89,160693,High,17,26.41,93.98,8,89.67,Failed,1.0,High Risk
CMP1040,2021,Food & Beverage,Asia,462061,397686,5.66,30.13,Yes,12.39,0.15,77441,Low,14,53.81,74.63,7,70.75,Failed,0.0,Low Risk
CMP1041,2012,Logistics,South America,209004,121863,39.77,59.84,Yes,17.23,0.18,47121,Low,18,54.17,62.89,3,34.44,Survived,0.0,Low Risk
CMP1042,2021,Manufacturing,Africa,112124,796657,26.98,29.72,Yes,6.53,0.24,61197,Low,2,23.47,49.16,1,89.57,Failed,0.0,Low Risk
CMP1043,2016,Technology,Asia,111659,501076,13.07,29.99,No,11.56,0.61,85577,Moderate,4,38.83,94.24,6,54.47,Failed,0.0,Low Risk
CMP1044,2013,Retail,Europe,184134,647296,-8.56,74.32,No,24.33,0.23,95634,Low,18,55.98,85.15,8,47.24,Failed,1.0,High Risk
CMP1045,2018,Food & Beverage,Europe,95713,500726,13.67,4.81,No,28.13,0.92,174503,High,7,57.91,55.48,6,63.47,Failed,0.0,Low Risk
CMP1046,2012,Logistics,Asia,238335,678556,6.89,90.29,Yes,12.55,0.48,101211,High,13,32.99,43.85,5,48.26,Failed,0.0,Low Risk
CMP1047,2014,Technology,Africa,473677,630111,-0.17,85.23,No,4.48,0.53,136909,Low,15,29.91,43.11,8,35.19,Failed,0.46799999999999997,Moderate Risk
CMP1048,2012,Healthcare,Europe,95418,800101,-20.85,66.78,No,18.81,0.31,181066,Low,1,20.33,46.62,2,30.09,Failed,1.0,High Risk
CMP1049,2016,Retail,South America,479888,954884,32.06,59.32,No,12.07,0.5,144687,High,11,57.74,71.94,1,56.98,Survived,0.0,Low Risk
CMP1050,2014,Retail,Europe,148232,910830,1.48,89.23,No,11.44,0.66,2466,Low,10,12.85,91.08,1,80.21,Survived,0.0,Low Risk
CMP1051,2018,Healthcare,North America,448048,634965,-16.38,18.53,No,43.27,0.74,31771,High,5,36.89,67.32,4,64.34,Failed,1.0,High Risk
CMP1052,2016,Real Estate,North America,183038,771246,-4.26,7.9,No,28.5,0.74,84886,Moderate,16,20.54,86.36,6,89.95,Failed,1.0,High Risk
CMP1053,2011,Healthcare,Africa,485761,48320,-1.01,23.95,Yes,25.95,0.59,66911,High,11,20.35,64.52,9,47.21,Failed,0.8039999999999999,High Risk
CMP1054,2013,Retail,Asia,426203,964918,27.93,79.46,Yes,19.88,0.87,152818,Moderate,6,27.27,78.97,1,46.83,Failed,0.0,Low Risk
CMP1055,2018,Retail,Africa,188383,496758,21.35,3.47,Yes,20.44,0.79,89422,Low,9,59.93,80.25,1,39.58,Failed,0.0,Low Risk
CMP1056,2021,Logistics,Africa,313719,146649,23.85,58.28,Yes,25.26,0.74,192811,Low,13,8.02,49.57,5,39.84,Failed,0.0,Low Risk
CMP1057,2011,Technology,Africa,345996,125354,-29.23,99.54,Yes,31.95,0.15,74369,Moderate,8,36.82,59.87,5,47.11,Failed,1.0,High Risk
CMP1058,2019,Healthcare,Africa,278722,612297,-0.87,85.57,No,32.19,0.11,2893,Low,14,9.54,75.05,5,77.57,Failed,0.7480000000000001,High Risk
CMP1059,2018,Technology,South America,152079,781725,3.69,52.14,No,9.38,0.28,31573,Moderate,1,13.5,43.89,6,84.35,Failed,0.0,Low Risk
CMP1060,2019,Healthcare,South America,222053,448625,-28.66,6.36,No,23.5,0.66,97907,Low,17,29.18,59.88,8,88.51,Failed,1.0,High Risk
CMP1061,2014,Manufacturing,Europe,96242,28625,-11.81,83.14,Yes,19.71,0.45,172946,High,5,33.08,69.41,3,43.94,Failed,1.0,High Risk
CMP1062,2011,Retail,North America,198589,736400,23.22,59.9,No,39.43,0.44,100956,Low,2,19.23,94.79,9,82.88,Survived,0.0,Low Risk
CMP1063,2013,Logistics,Africa,49257,286233,-20.4,11.49,No,29.15,0.85,119580,High,9,22.41,66.1,1,49.7,Failed,1.0,High Risk
CMP1064,2021,Technology,Europe,455423,36487,7.47,9.39,Yes,24.9,0.86,165439,High,4,9.78,84.88,4,36.77,Failed,0.0,Low Risk
CMP1065,2021,Healthcare,North America,164353,459054,-14.94,90.96,No,6.96,0.87,153271,Moderate,17,21.68,63.76,9,82.2,Failed,1.0,High Risk
CMP1066,2016,Finance,Asia,343390,228071,-29.15,66.92,Yes,28.04,0.37,92404,Low,17,58.16,83.8,8,68.17,Failed,1.0,High Risk
CMP1067,2021,Manufacturing,South America,283579,896880,-13.12,82.93,Yes,7.04,0.69,58724,Moderate,18,56.96,72.75,9,39.88,Failed,1.0,High Risk
CMP1068,2022,Food & Beverage,North America,249947,488011,38.31,87.9,No,16.5,0.33,87133,Low,16,23.42,88.76,1,55.79,Survived,0.0,Low Risk
CMP1069,2017,Real Estate,Asia,251758,312282,26.11,57.18,Yes,8.14,0.26,168477,High,8,36.4,62.6,9,47.24,Survived,0.0,Low Risk
CMP1070,2012,Technology,North America,111357,173895,37.17,51.74,No,31.76,0.26,16989,High,11,55.03,73.24,3,74.21,Survived,0.0,Low Risk
CMP1071,2010,Logistics,South America,177732,430424,4.15,43.04,No,10.87,0.39,29931,Low,18,5.34,74.65,9,57.2,Survived,0.0,Low Risk
CMP1072,2013,Food & Beverage,South America,418300,316205,-22.32,31.69,No,18.85,0.47,10290,Low,10,49.59,62.96,1,89.36,Failed,1.0,High Risk
CMP1073,2011,Finance,Europe,495413,948163,8.36,43.46,Yes,40.51,0.81,170439,Moderate,13,57.16,47.94,1,33.28,Failed,0.0,Low Risk
CMP1074,2017,Real Estate,Africa,426723,101376,1.81,77.39,Yes,10.79,0.2,122136,Low,17,10.02,45.15,9,51.3,Failed,0.0,Low Risk
CMP1075,2013,Finance,North America,223667,425106,29.1,60.19,Yes,23.84,0.72,80878,Low,18,13.88,40.92,6,58.91,Failed,0.0,Low Risk
CMP1076,2011,Food & Beverage,North America,103807,865566,-23.13,89.25,No,20.03,0.55,91477,Low,10,57.84,88.04,4,60.19,Failed,1.0,High Risk
CMP1077,2015,Real Estate,Asia,458755,833487,4.18,44.34,Yes,2.78,0.34,127299,Moderate,16,34.56,53.01,7,48.96,Failed,0.0,Low Risk
CMP1078,2015,Finance,South America,398097,767629,-19.5,60.71,Yes,36.09,0.52,162205,Low,5,5.78,51.63,5,73.75,Failed,1.0,High Risk
CMP1079,2019,Logistics,North America,158563,281652,-7.27,63.13,No,4.97,0.35,106686,High,13,19.17,80.48,7,82.48,Failed,1.0,High Risk
CMP1080,2013,Healthcare,South America,278778,959791,21.61,59.17,No,22.39,0.61,159124,Moderate,18,29.75,57.6,8,86.32,Failed,0.0,Low Risk
CMP1081,2015,Retail,North America,201264,472132,3.32,70.26,Yes,26.11,0.47,108286,Moderate,17,43.11,67.83,8,78.31,Survived,0.0,Low Risk
CMP1082,2022,Healthcare,Europe,493611,158056,-3.69,23.74,No,29.02,0.24,41475,High,9,45.32,48.94,1,81.03,Failed,1.0,High Risk
CMP1083,2011,Food & Beverage,Africa,405941,634457,-2.39,51.24,No,31.61,0.2,83666,High,14,59.75,92.79,8,63.03,Failed,1.0,High Risk
CMP1084,2019,Technology,North America,346032,794557,2.16,10.42,Yes,12.89,0.56,97622,High,17,20.81,86.84,6,79.55,Failed,0.0,Low Risk
CMP1085,2021,Retail,South America,93609,560347,24.95,38.45,Yes,2.43,0.87,189728,Low,4,34.6,87.51,4,48.21,Failed,0.0,Low Risk
CMP1086,2011,Manufacturing,Europe,291221,462785,32.45,48.77,No,33.11,0.39,136705,High,18,34.33,62.37,8,53.91,Survived,0.0,Low Risk
CMP1087,2019,Logistics,North America,268512,627697,36.87,65.22,No,25.03,0.72,149376,Low,15,27.31,81.93,3,49.01,Failed,0.0,Low Risk
CMP1088,2013,Manufacturing,Asia,273973,934591,25.08,95.05,No,37.95,0.66,108573,Moderate,11,14.3,47.91,4,58.04,Failed,0.0,Low Risk
CMP1089,2017,Real Estate,Africa,303097,499653,-7.92,60.07,Yes,37.32,0.89,47546,Moderate,12,58.76,40.47,6,47.13,Failed,1.0,High Risk
CMP1090,2016,Retail,North America,490135,529992,18.17,74.36,Yes,38.26,0.8,8008,High,9,51.93,41.1,7,87.7,Failed,0.0,Low Risk
CMP1091,2021,Manufacturing,Europe,396826,978080,0.63,50.63,Yes,22.86,0.58,49291,Low,13,32.41,72.26,4,48.77,Survived,0.148,Low Risk
CMP1092,2018,Manufacturing,Asia,350033,728744,-12.17,63.41,Yes,16.35,0.66,159477,High,15,38.18,65.05,4,35.88,Failed,1.0,High Risk
CMP1093,2017,Finance,Europe,174893,742488,28.86,7.09,Yes,36.04,0.86,37386,High,15,17.5,68.49,7,61.61,Failed,0.0,Low Risk
CMP1094,2014,Healthcare,Europe,450783,635567,-27.31,25.44,Yes,21.41,0.44,91909,Low,5,34.91,40.41,6,33.43,Failed,1.0,High Risk
CMP1095,2022,Finance,Asia,135374,989964,33.12,36.19,No,9.89,0.38,152899,High,19,43.22,63.25,8,36.63,Failed,0.0,Low Risk
CMP1096,2011,Retail,Europe,44860,682568,2.3,47.25,No,38.76,0.11,34040,Moderate,14,33.33,79.49,1,43.16,Survived,0.0,Low Risk
CMP1097,2014,Retail,Asia,172267,642804,14.6,4.56,No,39.95,0.8,61354,High,17,59.47,64.35,7,57.86,Failed,0.0,Low Risk
CMP1098,2017,Food & Beverage,North America,97475,522828,16.15,14.0,No,22.05,0.78,79543,Low,18,38.62,80.27,7,56.0,Failed,0.0,Low Risk
CMP1099,2019,Finance,Asia,369410,478366,32.66,27.68,Yes,5.26,0.19,19157,Low,3,25.4,52.82,7,77.98,Failed,0.0,Low Risk
CMP1100,2018,Education,Asia,172499,721384,14.57,97.15,No,18.68,0.59,36315,Moderate,2,47.47,84.72,7,74.37,Survived,0.0,Low Risk
CMP1101,2021,Healthcare,Africa,382876,957386,12.98,33.13,Yes,36.55,0.49,36932,Low,1,14.38,72.36,8,55.58,Failed,0.0,Low Risk
CMP1102,2021,Retail,Asia,309227,419139,-25.33,48.2,No,40.78,0.2,153236,Low,10,26.15,51.59,9,50.02,Failed,1.0,High Risk
CMP1103,2021,Food & Beverage,Asia,238118,519777,6.29,19.61,No,10.75,0.93,146486,Moderate,19,24.08,53.02,9,48.99,Failed,0.0,Low Risk
CMP1104,2022,Finance,North America,339516,376188,-19.49,61.08,No,4.88,0.28,146399,High,17,28.75,74.54,2,76.44,Failed,1.0,High Risk
CMP1105,2018,Healthcare,Africa,143786,232549,21.62,28.07,No,39.73,0.16,114880,Moderate,12,48.0,85.65,7,33.12,Failed,0.0,Low Risk
CMP1106,2022,Finance,South America,457280,553453,5.86,20.7,No,18.74,0.61,133018,High,1,31.63,62.86,7,30.77,Failed,0.0,Low Risk
CMP1107,2022,Manufacturing,North America,27813,591491,17.62,51.66,Yes,25.3,0.73,15693,Moderate,12,48.67,54.21,4,77.73,Failed,0.0,Low Risk
CMP1108,2010,Food & Beverage,North America,51598,484965,-27.08,0.55,Yes,43.63,0.13,28241,High,17,36.71,87.69,9,58.63,Failed,1.0,High Risk
CMP1109,2018,Healthcare,South America,277951,790546,-24.06,0.77,No,4.86,0.66,116194,Moderate,3,23.81,76.81,8,37.85,Failed,1.0,High Risk
CMP1110,2016,Real Estate,Asia,113106,982469,20.14,21.91,Yes,29.88,0.55,96790,High,11,49.55,64.64,1,44.13,Failed,0.0,Low Risk
CMP1111,2018,Real Estate,Europe,309226,36321,-24.95,3.67,No,5.19,0.19,147612,Moderate,17,18.11,66.83,2,85.95,Failed,1.0,High Risk
CMP1112,2017,Healthcare,Africa,311385,335441,-25.01,10.8,No,18.15,0.25,73255,High,3,17.34,51.23,2,81.57,Failed,1.0,High Risk
CMP1113,2010,Finance,Europe,247286,883084,-29.15,33.89,Yes,36.56,0.58,196829,Moderate,8,32.75,74.47,8,72.59,Failed,1.0,High Risk
CMP1114,2021,Food & Beverage,South America,457785,885736,36.96,80.26,No,20.64,0.35,173275,Low,4,19.35,59.73,1,58.93,Failed,0.0,Low Risk
CMP1115,2017,Real Estate,North America,31745,245014,21.63,57.2,No,44.88,0.9,157153,High,7,5.5,94.76,4,61.22,Failed,0.0,Low Risk
CMP1116,2017,Food & Beverage,North America,308173,156498,-5.27,51.27,No,26.04,0.8,193933,Moderate,14,40.66,66.41,5,88.51,Failed,1.0,High Risk
CMP1117,2020,Real Estate,Africa,164097,17772,-9.24,29.35,No,15.81,0.94,12350,High,14,33.11,66.72,9,87.95,Failed,1.0,High Risk
CMP1118,2012,Manufacturing,North America,252732,890186,-5.52,93.18,No,11.46,0.32,187584,High,4,29.5,71.12,7,42.92,Failed,1.0,High Risk
CMP1119,2010,Finance,North America,405539,790144,24.23,39.7,No,17.07,0.92,57809,Moderate,16,58.18,90.42,8,78.67,Failed,0.0,Low Risk
CMP1120,2017,Manufacturing,Africa,165360,394583,16.3,8.71,No,18.02,0.47,102894,High,1,36.42,84.04,9,41.83,Failed,0.0,Low Risk
CMP1121,2012,Real Estate,Africa,109186,238389,-17.04,61.71,Yes,4.95,0.4,98557,Moderate,17,52.49,64.81,7,42.81,Failed,1.0,High Risk
CMP1122,2012,Manufacturing,South America,419756,639430,-17.81,11.38,No,17.89,0.14,174904,Low,10,12.67,79.53,5,70.57,Failed,1.0,High Risk
CMP1123,2010,Real Estate,North America,379912,616024,-23.11,34.52,No,21.96,0.14,160441,High,16,36.31,72.24,5,54.3,Failed,1.0,High Risk
CMP1124,2020,Healthcare,North America,233030,51924,16.22,50.74,Yes,33.08,0.69,32728,Low,16,52.74,67.08,6,85.89,Survived,0.0,Low Risk
CMP1125,2014,Manufacturing,South America,219950,528014,23.51,87.42,No,30.24,0.49,18576,High,8,37.07,50.58,5,35.34,Failed,0.0,Low Risk
CMP1126,2019,Technology,Asia,61846,351296,-11.45,49.35,No,32.48,0.29,161073,High,7,44.49,65.52,9,60.69,Failed,1.0,High Risk
CMP1127,2016,Finance,Asia,358076,27723,-28.53,70.23,Yes,2.36,0.62,84384,High,6,25.46,53.52,3,85.11,Failed,1.0,High Risk
CMP1128,2019,Retail,Asia,168554,913401,-24.25,99.28,No,11.36,0.31,1390,Moderate,16,10.08,90.32,3,84.25,Failed,1.0,High Risk
CMP1129,2018,Education,South America,305555,758470,37.75,13.15,No,30.45,0.59,46436,Low,16,30.18,58.45,7,39.39,Failed,0.0,Low Risk
CMP1130,2021,Manufacturing,North America,464191,886926,-9.32,27.47,No,22.81,0.41,12569,High,7,26.7,92.37,7,52.0,Failed,1.0,High Risk
CMP1131,2016,Logistics,South America,473761,664468,23.85,39.46,Yes,2.23,0.8,145101,Moderate,9,52.69,69.32,6,67.15,Failed,0.0,Low Risk
CMP1132,2018,Finance,South America,360941,208786,13.73,42.18,Yes,36.59,0.8,23490,High,14,18.42,74.73,3,39.56,Failed,0.0,Low Risk
CMP1133,2017,Technology,Asia,334451,559931,-3.26,41.1,Yes,35.23,0.51,46875,Moderate,11,58.17,69.86,7,88.08,Failed,1.0,High Risk
CMP1134,2021,Technology,Europe,416309,686684,-15.6,90.76,No,25.58,0.4,6867,High,14,57.7,47.12,5,84.88,Failed,1.0,High Risk
CMP1135,2011,Real Estate,North America,490474,890328,-21.5,71.4,Yes,4.86,0.41,81820,Low,7,18.62,60.67,7,40.02,Failed,1.0,High Risk
CMP1136,2010,Real Estate,Asia,304186,214432,13.05,60.79,No,34.96,0.78,100515,Low,1,24.14,45.45,2,37.27,Failed,0.0,Low Risk
CMP1137,2016,Education,Europe,72930,139999,24.22,30.94,Yes,27.1,0.38,10121,High,13,54.26,74.26,6,35.12,Failed,0.0,Low Risk
CMP1138,2016,Healthcare,Europe,268656,880112,15.07,82.38,Yes,35.62,0.28,2539,Moderate,3,58.16,64.58,8,84.57,Survived,0.0,Low Risk
CMP1139,2017,Logistics,Africa,457629,358690,7.12,95.51,No,34.33,0.17,149099,High,4,29.39,82.79,1,41.62,Survived,0.0,Low Risk
CMP1140,2014,Retail,North America,264459,939947,-27.06,82.12,No,36.53,0.5,128402,Moderate,11,22.65,52.13,4,54.98,Failed,1.0,High Risk
CMP1141,2012,Education,Europe,244695,79973,37.79,0.16,Yes,24.27,0.51,75229,High,2,33.94,49.05,1,56.93,Failed,0.0,Low Risk
CMP1142,2021,Food & Beverage,Asia,380027,849881,25.91,63.64,Yes,8.03,0.81,140993,Moderate,14,42.83,62.35,1,65.94,Failed,0.0,Low Risk
CMP1143,2017,Retail,Africa,315900,634122,-9.5,5.11,Yes,30.86,0.29,51435,Low,12,20.04,90.96,8,34.3,Failed,1.0,High Risk
CMP1144,2015,Manufacturing,North America,73268,760674,38.6,25.76,No,28.68,0.42,142382,High,17,45.51,79.07,7,43.61,Failed,0.0,Low Risk
CMP1145,2020,Finance,South America,452430,994247,12.13,5.95,No,33.92,0.79,64965,Low,12,7.84,63.04,1,85.89,Failed,0.0,Low Risk
CMP1146,2012,Food & Beverage,Asia,232943,453449,10.77,60.38,Yes,9.3,0.8,112048,Low,12,7.71,68.45,2,84.5,Failed,0.0,Low Risk
CMP1147,2010,Food & Beverage,Europe,278916,287681,22.37,68.66,Yes,10.38,0.43,97444,High,1,26.25,44.63,4,76.88,Failed,0.0,Low Risk
CMP1148,2012,Education,Europe,441818,494509,26.82,11.45,Yes,40.29,0.49,70922,High,13,24.44,94.15,1,31.16,Failed,0.0,Low Risk
CMP1149,2014,Healthcare,Asia,204403,864008,15.95,38.38,No,34.25,0.36,98799,Moderate,14,22.36,76.65,3,49.62,Failed,0.0,Low Risk
CMP1150,2012,Education,Europe,68901,631810,-21.03,45.62,No,41.05,0.89,94948,Moderate,2,32.01,55.7,8,67.68,Failed,1.0,High Risk
CMP1151,2010,Manufacturing,Africa,382130,546900,-6.32,36.91,Yes,34.62,0.2,144314,Low,12,22.64,72.22,8,46.51,Failed,1.0,High Risk
CMP1152,2014,Healthcare,North America,214488,225049,34.97,12.1,No,27.68,0.89,9947,Moderate,16,15.57,46.02,8,84.58,Failed,0.0,Low Risk
CMP1153,2019,Manufacturing,Africa,183268,268615,-14.28,41.89,Yes,30.13,0.68,193888,Moderate,4,22.02,93.12,6,68.03,Failed,1.0,High Risk
CMP1154,2016,Healthcare,Europe,410530,166703,-3.95,75.12,Yes,40.23,0.55,49785,High,8,58.62,49.61,6,34.31,Failed,1.0,High Risk
CMP1155,2016,Technology,South America,287770,764357,0.25,7.1,No,26.89,0.13,120963,Moderate,2,27.61,75.64,5,84.54,Failed,0.30000000000000004,Low Risk
CMP1156,2020,Food & Beverage,North America,158496,747419,0.76,8.02,No,29.19,0.5,1507,Low,10,29.46,53.5,9,87.47,Failed,0.096,Low Risk
CMP1157,2018,Logistics,North America,295001,31348,12.91,35.48,No,8.73,0.45,199044,Moderate,9,36.71,79.47,4,34.66,Failed,0.0,Low Risk
CMP1158,2019,Finance,Asia,261531,195804,36.02,94.17,No,22.38,0.24,159223,Low,15,59.08,82.73,7,61.94,Survived,0.0,Low Risk
CMP1159,2019,Manufacturing,Asia,266693,787609,-13.15,66.86,Yes,32.81,0.66,12618,High,13,18.29,77.04,1,48.2,Failed,1.0,High Risk
CMP1160,2021,Retail,South America,433198,135832,-21.49,67.87,No,13.65,0.93,75286,Low,17,42.47,73.8,9,53.57,Failed,1.0,High Risk
CMP1161,2022,Healthcare,North America,490177,294923,-16.18,36.19,Yes,10.7,0.58,17122,Moderate,16,44.38,89.09,7,40.78,Failed,1.0,High Risk
CMP1162,2012,Finance,South America,415196,283780,32.08,59.37,No,15.49,0.71,139426,High,2,38.4,44.32,9,64.68,Failed,0.0,Low Risk
CMP1163,2016,Retail,Asia,199362,606177,15.21,1.01,Yes,12.38,0.16,110598,Moderate,14,9.87,58.2,7,87.48,Failed,0.0,Low Risk
CMP1164,2010,Finance,Asia,46431,53551,-9.99,63.61,No,11.24,0.46,163051,High,3,42.23,53.66,2,60.18,Failed,1.0,High Risk
CMP1165,2013,Logistics,North America,367120,404772,27.12,91.33,Yes,20.27,0.2,87436,High,12,8.53,94.34,6,34.97,Survived,0.0,Low Risk
CMP1166,2022,Retail,Africa,258360,945102,30.3,61.26,Yes,41.04,0.62,184846,Moderate,8,37.79,61.42,4,67.2,Survived,0.0,Low Risk
CMP1167,2013,Education,Europe,364855,666923,29.26,87.37,No,23.8,0.9,137109,Moderate,2,45.68,80.29,3,50.41,Failed,0.0,Low Risk
CMP1168,2014,Real Estate,Asia,46385,571107,34.32,72.4,Yes,10.08,0.66,29633,High,4,16.6,77.66,2,81.36,Survived,0.0,Low Risk
CMP1169,2016,Education,Asia,451374,335914,-12.34,12.06,No,5.31,0.17,25495,High,14,51.29,51.66,6,56.08,Failed,1.0,High Risk
CMP1170,2016,Real Estate,Africa,436235,420182,22.85,90.25,Yes,31.93,0.4,65550,Moderate,16,6.67,53.14,8,41.57,Failed,0.0,Low Risk
CMP1171,2022,Education,Africa,300783,212781,2.24,6.64,Yes,18.46,0.57,37483,Low,19,51.41,55.47,6,41.47,Failed,0.0,Low Risk
CMP1172,2020,Real Estate,South America,105530,453105,28.94,53.4,Yes,37.34,0.44,114181,Moderate,2,30.32,62.61,9,76.13,Survived,0.0,Low Risk
CMP1173,2022,Real Estate,South America,250983,682347,20.99,14.21,Yes,30.36,0.81,35069,High,12,16.97,52.89,5,45.94,Failed,0.0,Low Risk
CMP1174,2013,Food & Beverage,Europe,303707,865146,24.35,1.17,No,36.24,0.79,139442,Moderate,14,12.36,41.08,2,76.03,Failed,0.0,Low Risk
CMP1175,2022,Healthcare,Europe,452557,713708,15.93,42.2,Yes,13.69,0.62,120873,Low,6,57.43,88.37,8,42.35,Survived,0.0,Low Risk
CMP1176,2016,Healthcare,North America,397816,548884,-17.58,29.5,No,31.77,0.42,117843,Moderate,13,9.0,93.11,9,49.3,Failed,1.0,High Risk
CMP1177,2020,Food & Beverage,South America,418992,950678,8.15,48.6,No,13.35,0.32,72947,High,4,15.95,58.79,4,57.93,Failed,0.0,Low Risk
CMP1178,2012,Finance,Asia,449660,850538,38.93,57.72,Yes,42.38,0.19,171205,Moderate,18,24.13,58.62,6,86.59,Failed,0.0,Low Risk
CMP1179,2015,Technology,South America,482132,987471,35.62,4.37,No,29.36,0.4,96761,High,12,39.11,40.39,8,85.9,Failed,0.0,Low Risk
CMP1180,2021,Finance,Asia,421927,59182,-26.98,12.3,No,15.95,0.45,114753,High,19,34.96,77.41,9,42.41,Failed,1.0,High Risk
CMP1181,2011,Retail,Africa,225390,349307,-18.46,55.86,No,13.59,0.67,132764,Moderate,8,11.91,85.4,5,51.49,Failed,1.0,High Risk
CMP1182,2019,Retail,South America,365114,301454,-20.78,34.32,Yes,10.21,0.66,29926,High,7,20.94,48.06,6,38.96,Failed,1.0,High Risk
CMP1183,2022,Real Estate,Africa,263373,318232,20.82,72.92,Yes,31.87,0.16,100782,High,16,18.13,48.78,4,60.6,Failed,0.0,Low Risk
CMP1184,2018,Education,Europe,367697,653091,27.24,65.23,No,11.4,0.44,105700,Low,19,16.74,83.45,5,57.63,Survived,0.0,Low Risk
CMP1185,2014,Education,Europe,181779,139978,-15.05,84.56,No,27.6,0.25,74984,Low,6,27.61,73.9,7,84.05,Failed,1.0,High Risk
CMP1186,2015,Healthcare,North America,190182,823346,5.41,69.25,No,13.38,0.23,175462,Low,11,43.72,42.47,9,85.8,Failed,0.0,Low Risk
CMP1187,2021,Manufacturing,South America,212860,896782,28.85,42.99,Yes,30.46,0.8,50593,Low,5,16.96,74.24,6,53.01,Failed,0.0,Low Risk
CMP1188,2021,Finance,Africa,102879,569667,21.3,67.3,No,37.04,0.14,76609,High,16,25.17,56.99,6,59.5,Failed,0.0,Low Risk
CMP1189,2021,Logistics,Asia,452043,471828,7.96,27.54,No,35.46,0.46,6209,Moderate,7,26.5,60.28,8,83.77,Failed,0.0,Low Risk
CMP1190,2021,Education,Europe,258260,770188,11.32,30.63,No,34.72,0.24,127700,High,5,58.71,82.34,4,78.4,Failed,0.0,Low Risk
CMP1191,2013,Logistics,Europe,418871,258517,5.59,78.9,Yes,10.07,0.85,138605,High,11,57.51,84.6,3,30.22,Failed,0.0,Low Risk
CMP1192,2020,Real Estate,Asia,327003,955154,-9.17,44.64,No,5.8,0.57,87597,High,15,49.01,62.02,7,49.2,Failed,1.0,High Risk
CMP1193,2019,Logistics,Africa,466841,440097,9.55,79.84,Yes,32.05,0.3,8211,Moderate,3,18.29,92.09,5,55.31,Survived,0.0,Low Risk
CMP1194,2016,Food & Beverage,Africa,334242,308557,18.22,82.24,Yes,17.84,0.53,10927,Low,5,8.74,62.36,2,43.78,Survived,0.0,Low Risk
CMP1195,2021,Logistics,South America,166323,137084,31.13,85.76,No,20.59,0.72,118333,High,5,22.43,82.45,2,41.97,Failed,0.0,Low Risk
CMP1196,2018,Technology,South America,142413,705475,14.54,91.66,Yes,3.34,0.91,156666,High,9,19.67,66.61,6,32.27,Failed,0.0,Low Risk
CMP1197,2016,Real Estate,North America,282670,793583,23.28,43.1,Yes,13.16,0.29,77382,Low,15,32.83,89.36,8,68.6,Survived,0.0,Low Risk
CMP1198,2010,Finance,Europe,350904,582004,-18.79,31.89,Yes,3.45,0.85,140005,High,3,47.78,89.93,1,45.75,Failed,1.0,High Risk
CMP1199,2010,Food & Beverage,South America,67837,880179,2.31,58.22,No,39.8,0.89,104780,Moderate,6,52.21,44.81,6,33.14,Failed,0.0,Low Risk
CMP1200,2018,Education,Africa,280550,748013,-29.35,37.12,No,12.47,0.88,41696,High,17,51.47,91.51,2,43.86,Failed,1.0,High Risk
CMP1201,2020,Retail,Asia,293680,691738,-12.73,60.11,Yes,25.97,0.64,197521,High,8,24.78,85.4,2,78.11,Failed,1.0,High Risk
CMP1202,2018,Finance,Africa,48541,698012,20.85,70.56,No,3.68,0.64,68616,Low,11,42.8,83.52,7,81.09,Survived,0.0,Low Risk
CMP1203,2013,Retail,Europe,99083,203502,39.43,68.84,No,30.67,0.44,138161,High,6,22.21,51.05,1,58.98,Failed,0.0,Low Risk
CMP1204,2022,Real Estate,Africa,464243,144539,-23.06,37.46,Yes,15.89,0.74,188620,High,8,8.35,84.28,6,54.96,Failed,1.0,High Risk
CMP1205,2018,Food & Beverage,North America,54531,424226,-1.9,16.69,No,40.61,0.55,158195,Moderate,10,43.59,86.76,7,88.67,Failed,1.0,High Risk
CMP1206,2012,Healthcare,Europe,290856,521863,26.0,43.05,No,40.19,0.68,139869,Low,3,5.54,55.9,8,42.03,Failed,0.0,Low Risk
CMP1207,2016,Education,Asia,386245,121999,-15.72,14.26,No,15.99,0.46,51013,Low,14,27.51,92.37,7,42.92,Failed,1.0,High Risk
CMP1208,2015,Technology,North America,347599,114793,8.86,89.01,Yes,40.74,0.72,140418,Moderate,14,23.12,42.74,6,47.51,Failed,0.0,Low Risk
CMP1209,2017,Healthcare,Europe,94744,972195,21.31,34.59,No,44.83,0.8,165744,High,10,43.14,48.25,9,40.37,Failed,0.0,Low Risk
CMP1210,2020,Real Estate,Asia,272859,457373,13.12,15.45,No,37.49,0.22,149725,Low,12,47.14,69.57,3,52.76,Failed,0.0,Low Risk
CMP1211,2018,Finance,North America,149749,370321,-16.84,2.54,Yes,38.33,0.81,50556,Low,6,21.73,71.67,6,84.65,Failed,1.0,High Risk
CMP1212,2014,Technology,North America,287253,12289,-5.12,64.58,Yes,12.71,0.56,124723,High,12,49.64,75.48,4,66.92,Failed,1.0,High Risk
CMP1213,2010,Logistics,Europe,331412,700336,24.87,63.69,Yes,26.8,0.82,27140,High,14,21.17,40.93,2,54.72,Failed,0.0,Low Risk
CMP1214,2012,Technology,South America,251809,698956,8.8,34.06,Yes,4.89,0.47,2184,Low,2,29.55,92.82,1,86.06,Failed,0.0,Low Risk
CMP1215,2019,Real Estate,North America,336759,940675,-29.63,7.17,No,6.08,0.42,166565,High,9,44.99,42.45,1,32.91,Failed,1.0,High Risk
CMP1216,2021,Manufacturing,North America,102503,755801,23.27,40.96,Yes,44.95,0.88,176220,Low,10,43.11,47.87,3,42.62,Failed,0.0,Low Risk
CMP1217,2017,Logistics,Asia,274346,257368,-27.53,31.12,Yes,16.05,0.31,156918,High,17,59.31,40.77,4,63.95,Failed,1.0,High Risk
CMP1218,2020,Retail,Africa,442975,86365,22.2,67.71,No,34.17,0.82,112361,High,17,17.38,71.18,2,66.93,Failed,0.0,Low Risk
CMP1219,2015,Education,Europe,105708,754950,-15.83,60.58,Yes,36.69,0.51,154267,Moderate,3,41.43,91.27,1,32.37,Failed,1.0,High Risk
CMP1220,2017,Retail,Europe,211184,900446,37.07,36.46,No,38.9,0.54,6606,High,19,38.53,76.63,4,54.18,Failed,0.0,Low Risk
CMP1221,2018,Technology,South America,122471,175211,-4.24,21.79,Yes,44.9,0.36,136028,Moderate,1,55.33,85.25,7,68.95,Failed,1.0,High Risk
CMP1222,2013,Retail,South America,274225,179785,-7.11,98.8,Yes,12.38,0.59,17555,High,12,13.6,40.73,6,71.88,Failed,1.0,High Risk
CMP1223,2010,Real Estate,Europe,177661,947238,-19.58,45.4,Yes,3.74,0.38,91385,Low,7,46.35,69.81,6,68.29,Failed,1.0,High Risk
CMP1224,2010,Finance,South America,181087,72588,-8.61,68.83,Yes,19.68,0.13,150762,Low,4,36.25,65.28,9,49.23,Failed,1.0,High Risk
CMP1225,2019,Education,Asia,180081,63646,31.37,14.06,Yes,7.59,0.33,59502,High,10,20.11,67.44,2,35.61,Failed,0.0,Low Risk
CMP1226,2013,Retail,Europe,365453,265798,39.74,48.56,No,2.96,0.11,180921,High,13,31.09,43.97,4,55.63,Failed,0.0,Low Risk
CMP1227,2021,Retail,South America,408590,482238,-4.22,2.75,No,17.5,0.93,158419,Low,2,23.36,77.64,5,37.73,Failed,1.0,High Risk
CMP1228,2016,Technology,Europe,213118,805175,1.4,50.55,Yes,35.7,0.92,104844,High,10,36.86,67.68,1,86.86,Failed,0.0,Low Risk
CMP1229,2011,Finance,Africa,388805,834800,20.54,96.4,No,26.35,0.44,92321,Moderate,4,53.9,82.08,8,58.51,Survived,0.0,Low Risk
CMP1230,2012,Healthcare,North America,177215,745385,32.03,38.42,No,15.45,0.72,50056,Moderate,18,36.31,66.69,8,49.04,Failed,0.0,Low Risk
CMP1231,2010,Retail,Europe,26154,729532,11.51,3.9,No,30.14,0.39,195923,Moderate,5,39.74,48.22,6,75.98,Failed,0.0,Low Risk
CMP1232,2014,Real Estate,North America,172876,923945,-2.59,3.1,Yes,11.98,0.67,99234,Moderate,19,33.53,75.65,5,59.88,Failed,1.0,High Risk
CMP1233,2010,Manufacturing,South America,454904,119735,-1.12,38.8,Yes,2.62,0.78,42850,Moderate,2,7.81,49.48,8,48.6,Failed,0.8480000000000001,High Risk
CMP1234,2017,Education,North America,84288,155683,18.69,16.0,Yes,34.87,0.9,28843,High,12,17.81,87.98,3,78.72,Failed,0.0,Low Risk
CMP1235,2010,Retail,Europe,71195,906323,-29.77,2.34,No,28.82,0.44,63320,High,17,32.06,73.72,3,82.03,Failed,1.0,High Risk
CMP1236,2020,Real Estate,Africa,302725,632259,13.37,75.62,No,34.78,0.77,30793,Moderate,10,22.06,48.65,2,70.38,Failed,0.0,Low Risk
CMP1237,2010,Real Estate,South America,465864,536437,-5.12,45.85,Yes,3.67,0.33,171588,High,2,15.0,92.93,5,32.82,Failed,1.0,High Risk
CMP1238,2011,Education,Europe,312231,362246,25.59,28.92,Yes,38.0,0.94,149929,High,6,32.73,68.51,3,63.98,Failed,0.0,Low Risk
CMP1239,2011,Healthcare,South America,201002,321333,-23.49,90.01,No,28.64,0.12,20627,Moderate,8,22.75,44.01,3,75.8,Failed,1.0,High Risk
CMP1240,2021,Real Estate,Asia,184053,763264,11.17,11.61,No,26.23,0.61,62822,High,19,19.2,74.48,6,38.19,Failed,0.0,Low Risk
CMP1241,2015,Manufacturing,North America,89298,939179,3.67,95.59,No,28.86,0.66,184320,High,11,30.52,53.93,8,43.72,Failed,0.0,Low Risk
CMP1242,2016,Real Estate,Asia,328311,857463,14.96,31.4,No,39.17,0.68,56798,High,12,12.33,84.2,2,82.95,Failed,0.0,Low Risk
CMP1243,2014,Real Estate,Europe,226376,566956,-25.46,88.84,Yes,27.24,0.2,176188,Moderate,9,56.03,84.98,4,31.21,Failed,1.0,High Risk
CMP1244,2010,Real Estate,Africa,456624,406889,10.6,60.29,No,26.98,0.9,76318,High,2,52.72,93.84,7,75.16,Failed,0.0,Low Risk
CMP1245,2010,Healthcare,South America,59499,994170,9.3,82.67,No,44.6,0.25,105186,Low,8,43.92,67.6,1,58.43,Survived,0.0,Low Risk
CMP1246,2012,Retail,North America,407960,612492,9.25,98.4,Yes,34.54,0.63,88902,Low,11,10.84,65.02,1,56.81,Survived,0.0,Low Risk
CMP1247,2011,Real Estate,South America,465485,211830,12.24,28.84,No,21.02,0.29,160629,Moderate,4,47.67,81.44,7,30.43,Failed,0.0,Low Risk
CMP1248,2014,Finance,Europe,189631,196501,17.35,96.11,No,32.42,0.36,72334,Low,10,49.44,47.29,7,79.16,Failed,0.0,Low Risk
CMP1249,2021,Retail,South America,265198,416885,26.35,38.95,Yes,18.74,0.56,107719,Moderate,16,47.23,70.08,1,51.59,Failed,0.0,Low Risk
CMP1250,2019,Healthcare,North America,487535,165140,-11.11,38.55,No,11.84,0.45,124099,Low,8,11.27,70.04,1,62.45,Failed,1.0,High Risk
CMP1251,2015,Food & Beverage,Europe,262997,744149,27.75,34.04,No,27.66,0.24,174686,Low,4,40.41,44.92,4,70.64,Failed,0.0,Low Risk
CMP1252,2016,Retail,South America,116347,140507,4.88,54.14,No,41.91,0.25,13720,Low,10,50.89,62.99,5,72.16,Survived,0.0,Low Risk
CMP1253,2013,Retail,Africa,330931,225160,-24.61,15.41,Yes,41.95,0.46,58608,Moderate,12,36.75,86.93,5,87.36,Failed,1.0,High Risk
CMP1254,2016,Logistics,Europe,317632,183321,-25.9,55.37,Yes,16.7,0.74,108449,Moderate,14,40.55,87.09,4,61.88,Failed,1.0,High Risk
CMP1255,2020,Technology,Europe,356585,561672,-6.6,54.17,No,24.69,0.86,103828,High,16,30.21,45.46,8,53.98,Failed,1.0,High Risk
CMP1256,2017,Logistics,Africa,225735,521998,24.94,76.19,Yes,11.1,0.17,127613,Moderate,18,34.08,44.99,7,87.22,Failed,0.0,Low Risk
CMP1257,2020,Manufacturing,Asia,42431,606217,19.54,83.36,No,44.81,0.43,73095,Low,12,6.89,54.45,9,68.53,Failed,0.0,Low Risk
CMP1258,2010,Technology,North America,343825,914391,25.2,44.04,No,44.19,0.19,106924,Low,18,40.14,88.11,7,47.89,Survived,0.0,Low Risk
CMP1259,2015,Education,Asia,214555,600441,6.21,30.23,Yes,29.93,0.11,97452,Moderate,7,9.48,47.09,1,37.59,Failed,0.0,Low Risk
CMP1260,2017,Education,South America,142720,759416,0.81,25.93,No,36.59,0.66,88593,Moderate,7,28.93,79.6,7,80.55,Failed,0.07599999999999998,Low Risk
CMP1261,2014,Healthcare,Africa,69153,75388,-19.68,19.46,No,32.75,0.61,167964,Moderate,9,21.1,45.56,1,51.73,Failed,1.0,High Risk
CMP1262,2013,Technology,Asia,288512,555689,-7.03,5.76,Yes,27.51,0.24,107975,High,1,35.0,74.27,7,69.63,Failed,1.0,High Risk
CMP1263,2011,Retail,Europe,440640,518727,0.38,34.24,No,4.29,0.3,78242,Low,6,12.34,59.58,8,58.25,Failed,0.248,Low Risk
CMP1264,2015,Education,South America,394504,727191,-23.8,27.02,No,21.55,0.12,117041,High,6,43.04,83.39,9,41.94,Failed,1.0,High Risk
CMP1265,2015,Real Estate,South America,196076,643791,-14.56,96.64,No,31.02,0.81,127202,High,12,48.73,52.85,3,66.1,Failed,1.0,High Risk
CMP1266,2020,Finance,Asia,497085,232601,11.88,55.77,No,31.13,0.93,78606,Low,12,13.98,75.16,4,33.64,Failed,0.0,Low Risk
CMP1267,2010,Retail,Asia,239724,127834,21.5,34.73,No,18.04,0.22,124769,Low,10,10.74,52.96,4,54.8,Failed,0.0,Low Risk
CMP1268,2018,Manufacturing,Africa,394899,34084,39.88,58.05,No,42.49,0.3,119542,Moderate,6,13.0,79.25,9,62.8,Survived,0.0,Low Risk
CMP1269,2021,Real Estate,North America,76985,251459,35.32,13.92,No,9.2,0.84,107438,Moderate,17,53.24,88.05,7,56.16,Failed,0.0,Low Risk
CMP1270,2020,Real Estate,Asia,332213,634929,14.98,44.4,No,23.52,0.89,1924,High,19,34.05,46.97,3,74.92,Failed,0.0,Low Risk
CMP1271,2015,Technology,Asia,334470,105111,-0.51,62.62,No,31.71,0.46,52322,Moderate,18,30.7,87.66,5,79.68,Failed,0.6040000000000001,Moderate Risk
CMP1272,2022,Healthcare,Europe,128737,449042,14.53,48.89,Yes,31.98,0.14,158550,Moderate,6,10.87,72.65,7,76.27,Survived,0.0,Low Risk
CMP1273,2012,Manufacturing,South America,232133,429667,25.0,40.18,No,29.89,0.13,72042,Low,19,40.73,46.99,8,32.33,Failed,0.0,Low Risk
CMP1274,2013,Education,North America,174470,662587,-21.72,99.38,Yes,13.84,0.59,47418,Low,10,52.74,63.51,1,41.65,Failed,1.0,High Risk
CMP1275,2021,Technology,Europe,249465,162982,-1.31,88.03,Yes,8.72,0.43,194289,Moderate,8,50.55,48.85,2,62.2,Failed,0.924,High Risk
CMP1276,2020,Education,Africa,70861,298185,28.79,62.34,Yes,29.35,0.12,101699,Low,6,39.43,78.52,7,86.09,Survived,0.0,Low Risk
CMP1277,2013,Technology,Africa,358041,875352,-3.13,56.94,No,27.77,0.6,91140,Moderate,7,9.14,81.74,2,80.1,Failed,1.0,High Risk
CMP1278,2012,Technology,Asia,232977,327825,10.03,62.07,No,9.71,0.11,12781,Low,1,11.18,45.82,7,80.55,Failed,0.0,Low Risk
CMP1279,2019,Technology,Asia,147118,234386,11.14,20.13,No,32.32,0.77,137587,Low,18,7.71,67.84,9,48.19,Failed,0.0,Low Risk
CMP1280,2012,Healthcare,Africa,350721,343715,-17.09,39.51,No,21.57,0.36,118358,Low,12,19.16,84.8,2,55.77,Failed,1.0,High Risk
CMP1281,2012,Technology,Asia,216713,196553,-4.64,3.95,No,30.71,0.13,37133,Low,16,12.46,91.49,7,58.24,Failed,1.0,High Risk
CMP1282,2013,Food & Beverage,North America,29078,461792,-6.58,47.55,No,38.01,0.6,98628,Moderate,10,19.3,68.24,4,39.44,Failed,1.0,High Risk
CMP1283,2016,Finance,Asia,438219,501174,-28.17,54.3,No,9.3,0.44,77946,High,10,26.18,92.27,2,31.86,Failed,1.0,High Risk
CMP1284,2013,Education,South America,344912,784625,-28.31,22.77,Yes,2.82,0.93,86058,Low,14,56.86,69.46,7,86.81,Failed,1.0,High Risk
CMP1285,2018,Retail,Asia,71047,651844,28.22,96.4,Yes,35.5,0.56,141167,Moderate,10,38.57,61.68,5,44.44,Survived,0.0,Low Risk
CMP1286,2010,Logistics,Europe,353770,195246,-10.89,90.95,No,28.22,0.33,152542,Moderate,10,50.92,86.65,1,44.4,Failed,1.0,High Risk
CMP1287,2017,Manufacturing,North America,339804,550448,6.27,72.21,No,32.08,0.7,44129,Low,11,44.07,67.11,5,35.0,Failed,0.0,Low Risk
CMP1288,2016,Healthcare,Europe,255458,246242,-9.09,53.34,Yes,38.04,0.33,9531,High,2,11.19,65.95,3,85.71,Failed,1.0,High Risk
CMP1289,2011,Retail,Europe,463002,511083,35.85,87.0,Yes,36.52,0.87,38038,Low,8,45.48,66.97,7,64.78,Failed,0.0,Low Risk
CMP1290,2017,Real Estate,South America,415141,17633,-11.85,13.07,No,43.32,0.42,88939,Moderate,7,20.13,86.57,6,70.02,Failed,1.0,High Risk
CMP1291,2010,Food & Beverage,North America,235048,803446,0.08,79.05,Yes,25.05,0.57,43674,High,8,40.15,85.76,8,84.69,Survived,0.36800000000000005,Moderate Risk
CMP1292,2020,Logistics,North America,256293,866964,31.09,12.48,No,23.01,0.14,128572,Moderate,1,23.75,62.19,5,50.74,Failed,0.0,Low Risk
CMP1293,2021,Retail,North America,137832,49104,28.94,79.42,No,19.28,0.46,30831,Low,2,59.87,58.33,2,67.29,Failed,0.0,Low Risk
CMP1294,2018,Retail,North America,412550,959125,-16.97,27.58,Yes,8.61,0.81,58174,High,18,19.5,67.06,9,32.33,Failed,1.0,High Risk
CMP1295,2018,Food & Beverage,North America,145150,863663,26.19,87.71,Yes,26.62,0.78,12279,Moderate,15,20.35,71.5,8,41.21,Failed,0.0,Low Risk
CMP1296,2011,Logistics,South America,177087,68388,2.07,94.4,No,13.91,0.29,170292,Moderate,1,56.19,53.11,6,79.87,Failed,0.0,Low Risk
CMP1297,2016,Real Estate,Asia,53320,540302,3.81,14.88,No,41.62,0.29,61610,Moderate,5,6.36,83.67,7,76.01,Failed,0.0,Low Risk
CMP1298,2019,Technology,Europe,347025,92578,-20.66,46.27,No,27.08,0.79,184791,Low,2,43.32,66.76,9,51.04,Failed,1.0,High Risk
CMP1299,2012,Education,North America,110827,689115,-24.36,98.1,No,27.49,0.89,54051,High,3,44.89,58.37,7,52.61,Failed,1.0,High Risk
CMP1300,2016,Real Estate,Asia,384359,564678,20.96,48.34,Yes,17.26,0.18,57652,Low,19,51.0,45.88,3,62.01,Failed,0.0,Low Risk
CMP1301,2021,Technology,Asia,439505,285855,4.75,86.35,No,4.24,0.48,66524,Low,18,58.59,53.14,6,30.01,Failed,0.0,Low Risk
CMP1302,2019,Healthcare,Europe,279931,91658,0.58,58.87,No,3.36,0.39,7470,Low,18,58.66,92.21,7,44.47,Survived,0.16800000000000004,Low Risk
CMP1303,2018,Finance,South America,416605,57993,21.07,37.53,No,20.2,0.84,199670,High,14,8.59,56.78,2,42.49,Failed,0.0,Low Risk
CMP1304,2013,Manufacturing,Africa,438899,205768,23.59,28.58,Yes,5.64,0.17,173870,Low,8,50.2,49.29,3,45.03,Failed,0.0,Low Risk
CMP1305,2021,Manufacturing,Africa,426845,158285,-18.88,20.32,No,28.09,0.28,54473,Low,12,40.55,65.34,4,78.35,Failed,1.0,High Risk
CMP1306,2010,Education,Asia,343694,771148,12.72,76.18,No,39.88,0.74,151952,Low,10,40.6,56.89,6,46.78,Failed,0.0,Low Risk
CMP1307,2011,Logistics,Europe,44826,451000,-20.53,38.65,Yes,39.97,0.14,45439,Low,17,12.06,41.93,1,41.49,Failed,1.0,High Risk
CMP1308,2010,Food & Beverage,Africa,120734,793853,22.6,51.13,Yes,30.34,0.52,15308,Moderate,11,40.76,57.77,9,60.26,Failed,0.0,Low Risk
CMP1309,2021,Logistics,Asia,177702,742296,15.99,49.23,No,11.08,0.48,92563,Low,2,59.04,69.93,5,81.94,Survived,0.0,Low Risk
CMP1310,2014,Food & Beverage,South America,249834,542015,36.96,57.73,Yes,39.11,0.38,36081,Moderate,4,55.15,70.34,7,44.48,Survived,0.0,Low Risk
CMP1311,2014,Logistics,Africa,197235,898850,-25.17,86.56,Yes,40.1,0.44,182455,Low,1,29.15,59.61,9,34.71,Failed,1.0,High Risk
CMP1312,2020,Finance,Asia,118511,528646,-26.01,98.07,Yes,10.46,0.55,10837,High,15,7.2,64.6,9,51.38,Failed,1.0,High Risk
CMP1313,2016,Healthcare,Asia,479651,327252,-10.25,40.76,No,33.71,0.24,184223,Moderate,13,24.93,93.1,1,74.86,Failed,1.0,High Risk
CMP1314,2018,Healthcare,North America,293797,257681,-11.68,82.75,No,14.32,0.59,119128,Moderate,8,50.45,60.75,1,63.04,Failed,1.0,High Risk
CMP1315,2018,Technology,South America,179033,94018,-12.71,76.45,No,36.51,0.78,168896,Moderate,4,43.58,54.2,3,79.01,Failed,1.0,High Risk
CMP1316,2012,Healthcare,North America,101941,386601,33.44,57.35,Yes,44.88,0.75,165145,Moderate,10,30.26,53.39,6,87.58,Failed,0.0,Low Risk
CMP1317,2012,Healthcare,Europe,225209,949621,-12.53,95.6,No,3.29,0.23,113651,High,19,8.03,65.18,2,77.56,Failed,1.0,High Risk
CMP1318,2012,Real Estate,North America,315806,294054,-10.96,20.05,No,40.59,0.23,98624,Low,18,28.48,81.77,1,66.23,Failed,1.0,High Risk
CMP1319,2013,Real Estate,North America,118818,651176,23.16,10.93,No,28.77,0.33,158371,Moderate,5,30.8,51.33,1,59.6,Failed,0.0,Low Risk
CMP1320,2017,Technology,Africa,469662,229104,1.48,85.4,No,43.86,0.41,190933,High,19,56.07,79.01,5,32.4,Survived,0.0,Low Risk
CMP1321,2015,Education,Asia,172360,842186,24.37,43.91,Yes,22.0,0.45,31063,Moderate,16,40.26,41.16,4,89.06,Failed,0.0,Low Risk
CMP1322,2017,Real Estate,South America,273627,193510,-25.42,84.7,No,38.44,0.68,70453,Low,1,22.14,63.04,1,53.01,Failed,1.0,High Risk
CMP1323,2010,Education,North America,115081,109847,4.13,89.31,Yes,4.68,0.15,103166,Moderate,12,33.89,82.67,4,39.13,Survived,0.0,Low Risk
CMP1324,2017,Retail,South America,56877,946875,-27.65,6.25,No,16.42,0.13,15506,High,2,8.63,58.63,3,70.0,Failed,1.0,High Risk
CMP1325,2013,Real Estate,North America,393706,444717,-25.61,88.35,Yes,4.88,0.43,114604,Low,8,58.49,71.01,2,47.06,Failed,1.0,High Risk
CMP1326,2020,Finance,Europe,428529,454162,33.45,44.83,Yes,43.94,0.69,27026,High,18,24.8,51.27,9,65.15,Failed,0.0,Low Risk
CMP1327,2010,Technology,North America,231957,824899,-20.25,51.04,Yes,37.13,0.26,159744,Low,16,31.28,80.81,1,65.21,Failed,1.0,High Risk
CMP1328,2017,Retail,Africa,92715,935129,7.27,62.66,No,38.66,0.65,170489,Low,5,24.54,42.88,7,56.74,Failed,0.0,Low Risk
CMP1329,2013,Finance,Asia,161398,296037,-1.22,92.64,Yes,42.33,0.32,53413,Low,13,42.54,86.89,4,80.17,Failed,0.8879999999999999,High Risk
CMP1330,2015,Finance,Europe,130091,76329,-5.69,1.91,No,5.66,0.85,66066,Moderate,19,41.42,50.9,5,45.9,Failed,1.0,High Risk
CMP1331,2017,Finance,North America,152632,31007,32.99,47.68,Yes,18.58,0.86,191285,High,3,44.34,88.09,5,56.92,Failed,0.0,Low Risk
CMP1332,2013,Education,South America,361292,694892,-28.47,68.77,Yes,5.05,0.35,51971,High,8,19.75,59.39,1,62.26,Failed,1.0,High Risk
CMP1333,2012,Logistics,Europe,103186,316397,16.47,72.27,No,11.06,0.3,159353,High,12,22.36,79.75,6,69.82,Survived,0.0,Low Risk
CMP1334,2018,Retail,Europe,439961,12323,37.44,69.25,Yes,11.86,0.45,114978,Low,2,11.89,57.56,9,77.04,Failed,0.0,Low Risk
CMP1335,2012,Food & Beverage,North America,182962,897767,9.21,13.44,Yes,22.17,0.3,160163,Moderate,11,41.05,89.83,2,53.69,Failed,0.0,Low Risk
CMP1336,2018,Retail,Europe,171094,112356,35.58,29.94,No,13.55,0.67,51494,Low,12,7.19,46.97,7,68.76,Failed,0.0,Low Risk
CMP1337,2022,Logistics,South America,405773,635232,-26.34,35.87,Yes,6.34,0.8,104864,High,18,37.87,49.82,6,39.04,Failed,1.0,High Risk
CMP1338,2011,Retail,Europe,465795,204451,-0.68,80.44,Yes,9.2,0.67,150682,Moderate,13,52.83,67.12,5,85.96,Failed,0.6720000000000002,High Risk
CMP1339,2011,Healthcare,South America,90316,931714,-11.79,27.88,Yes,8.33,0.8,133151,Moderate,5,54.0,44.51,4,52.98,Failed,1.0,High Risk
CMP1340,2011,Food & Beverage,North America,497063,278600,21.16,21.07,No,43.84,0.44,96386,Moderate,12,29.7,50.78,4,73.77,Failed,0.0,Low Risk
CMP1341,2015,Logistics,Asia,48380,555655,38.69,95.74,No,34.65,0.23,178823,High,2,30.26,91.91,6,31.22,Survived,0.0,Low Risk
CMP1342,2012,Education,Europe,130198,54624,-12.04,0.89,No,43.61,0.73,87126,Moderate,5,9.23,93.71,4,42.31,Failed,1.0,High Risk
CMP1343,2022,Manufacturing,Asia,284500,403322,15.79,99.78,No,20.91,0.41,187504,Moderate,7,41.89,60.69,5,59.22,Survived,0.0,Low Risk
CMP1344,2018,Logistics,South America,90326,234565,-16.13,67.68,Yes,13.97,0.67,163023,Low,12,50.17,90.78,6,82.7,Failed,1.0,High Risk
CMP1345,2013,Technology,Europe,374591,68008,9.57,82.85,Yes,36.33,0.33,81863,Low,16,18.46,69.97,5,61.64,Survived,0.0,Low Risk
CMP1346,2010,Logistics,Africa,134994,912358,2.48,29.46,No,16.03,0.17,79291,Moderate,8,28.17,54.84,7,85.79,Failed,0.0,Low Risk
CMP1347,2013,Healthcare,Asia,240971,377539,38.04,1.43,Yes,14.87,0.94,126659,Moderate,9,51.14,78.63,9,59.03,Failed,0.0,Low Risk
CMP1348,2010,Manufacturing,Europe,302193,116492,12.6,73.79,Yes,12.0,0.23,191944,Low,15,53.24,76.24,7,59.43,Survived,0.0,Low Risk
CMP1349,2014,Healthcare,Asia,488933,72240,-5.53,83.41,Yes,7.58,0.94,8235,Low,5,18.37,94.4,7,37.18,Failed,1.0,High Risk
CMP1350,2013,Manufacturing,Europe,387505,326459,-22.01,74.05,Yes,13.03,0.93,83733,Low,13,35.28,54.58,4,78.16,Failed,1.0,High Risk
CMP1351,2017,Technology,North America,298226,986753,-19.41,14.29,No,17.28,0.77,63712,High,5,15.59,76.96,1,44.82,Failed,1.0,High Risk
CMP1352,2017,Education,Asia,282805,725947,-14.23,75.34,Yes,30.98,0.66,153545,High,11,10.6,42.86,8,83.98,Failed,1.0,High Risk
CMP1353,2016,Healthcare,Africa,188484,272900,-12.43,76.89,No,4.69,0.59,199639,Low,10,55.11,46.25,4,84.65,Failed,1.0,High Risk
CMP1354,2012,Healthcare,Africa,285064,461227,29.54,65.85,Yes,11.05,0.84,126849,Moderate,13,50.13,40.22,1,86.6,Failed,0.0,Low Risk
CMP1355,2010,Finance,South America,265378,298522,9.29,76.61,No,36.79,0.35,80823,Low,9,46.8,94.97,5,61.21,Survived,0.0,Low Risk
CMP1356,2010,Manufacturing,Europe,473531,135327,6.64,84.59,Yes,8.32,0.5,105215,High,14,7.68,84.13,8,70.63,Survived,0.0,Low Risk
CMP1357,2021,Real Estate,Asia,361705,931988,-21.97,61.36,Yes,16.73,0.63,33230,Moderate,18,51.41,83.27,4,76.71,Failed,1.0,High Risk
CMP1358,2020,Manufacturing,South America,291090,649991,30.21,8.86,No,39.18,0.45,85573,High,15,29.09,68.03,8,37.86,Failed,0.0,Low Risk
CMP1359,2012,Finance,Asia,245314,842981,20.6,48.76,No,8.66,0.46,41644,Moderate,10,23.83,56.5,8,66.06,Failed,0.0,Low Risk
CMP1360,2015,Retail,Europe,458716,165575,-25.26,7.76,Yes,5.56,0.38,180736,High,7,35.06,48.32,3,32.06,Failed,1.0,High Risk
CMP1361,2016,Manufacturing,Africa,255612,860226,19.55,40.75,Yes,22.84,0.58,46203,Moderate,8,10.02,55.66,9,59.85,Failed,0.0,Low Risk
CMP1362,2015,Education,North America,298453,499499,8.05,40.71,Yes,15.0,0.82,67677,Moderate,3,46.62,60.68,3,39.29,Failed,0.0,Low Risk
CMP1363,2015,Finance,Africa,75230,493948,-24.28,6.6,Yes,26.23,0.27,157497,Moderate,15,37.03,81.6,1,40.98,Failed,1.0,High Risk
CMP1364,2015,Retail,South America,393966,307257,2.08,34.88,Yes,36.56,0.89,124246,Moderate,16,15.26,69.68,2,51.9,Failed,0.0,Low Risk
CMP1365,2022,Food & Beverage,North America,443243,598357,3.93,11.1,No,7.9,0.69,85817,High,4,15.35,44.26,6,55.95,Failed,0.0,Low Risk
CMP1366,2012,Finance,South America,485757,229189,-18.4,80.82,Yes,26.97,0.8,70806,High,6,15.13,40.99,2,67.39,Failed,1.0,High Risk
CMP1367,2015,Food & Beverage,Europe,394484,398465,36.2,94.77,Yes,23.74,0.57,43814,Moderate,1,8.14,45.63,6,34.47,Failed,0.0,Low Risk
CMP1368,2017,Healthcare,North America,79321,251051,29.5,7.23,No,8.2,0.76,71219,Moderate,4,37.33,62.58,1,60.22,Failed,0.0,Low Risk
CMP1369,2020,Finance,South America,152028,936705,16.83,95.51,No,28.83,0.11,181718,High,11,51.22,91.33,1,40.96,Survived,0.0,Low Risk
CMP1370,2020,Technology,Europe,251447,649829,2.36,52.26,No,13.77,0.8,171956,Moderate,12,5.96,75.06,5,64.44,Failed,0.0,Low Risk
CMP1371,2011,Food & Beverage,Africa,356275,713936,-1.18,29.96,Yes,22.98,0.13,96345,Moderate,5,7.7,84.1,9,68.24,Failed,0.8719999999999999,High Risk
CMP1372,2014,Education,Europe,461124,511778,15.57,7.69,Yes,5.54,0.86,101088,Moderate,16,36.5,65.65,8,63.4,Failed,0.0,Low Risk
CMP1373,2010,Technology,Asia,491555,780641,8.18,50.06,No,21.76,0.94,70322,Low,13,50.07,59.89,3,74.3,Failed,0.0,Low Risk
CMP1374,2021,Logistics,Europe,308107,271830,-25.64,79.45,Yes,15.18,0.35,22650,Moderate,13,22.97,45.96,3,50.14,Failed,1.0,High Risk
CMP1375,2010,Logistics,Europe,121757,505629,5.88,70.71,Yes,37.36,0.28,95242,Low,17,24.23,88.18,1,75.91,Survived,0.0,Low Risk
CMP1376,2014,Retail,Asia,452659,315507,26.45,5.02,No,4.45,0.75,141262,Moderate,7,37.8,83.07,3,55.97,Failed,0.0,Low Risk
CMP1377,2021,Healthcare,South America,381403,359687,2.15,7.29,No,20.0,0.32,39196,High,8,20.08,49.25,1,59.05,Failed,0.0,Low Risk
CMP1378,2022,Finance,South America,321207,656021,-26.36,40.29,No,21.71,0.84,171521,Low,13,6.46,68.17,8,68.89,Failed,1.0,High Risk
CMP1379,2012,Real Estate,Europe,396369,175915,25.04,29.53,Yes,33.18,0.19,171733,Low,16,45.44,66.81,1,31.1,Failed,0.0,Low Risk
CMP1380,2013,Education,Asia,398544,619961,-15.9,23.24,Yes,26.69,0.21,30709,Moderate,4,39.41,74.38,5,69.24,Failed,1.0,High Risk
CMP1381,2012,Food & Beverage,Asia,362962,454179,-11.9,28.1,No,30.69,0.93,81428,Moderate,8,36.94,92.04,9,67.12,Failed,1.0,High Risk
CMP1382,2010,Technology,Africa,286847,42828,-18.47,80.35,Yes,35.41,0.67,10943,Low,16,45.79,71.89,7,48.59,Failed,1.0,High Risk
CMP1383,2010,Logistics,South America,216200,835036,-6.88,92.92,No,39.07,0.82,175312,High,10,42.14,69.71,4,35.15,Failed,1.0,High Risk
CMP1384,2021,Education,North America,92099,272670,22.97,40.51,No,15.5,0.38,177832,High,12,16.32,42.77,9,35.46,Failed,0.0,Low Risk
CMP1385,2021,Real Estate,South America,439065,855342,6.36,90.61,No,25.13,0.68,22042,Moderate,12,24.39,43.46,9,85.39,Failed,0.0,Low Risk
CMP1386,2022,Finance,South America,182932,25592,-15.66,32.15,Yes,38.12,0.61,44894,High,5,11.94,50.3,2,71.36,Failed,1.0,High Risk
CMP1387,2014,Retail,Africa,51585,291126,31.45,47.64,Yes,44.55,0.61,138941,High,16,12.14,41.79,6,37.63,Failed,0.0,Low Risk
CMP1388,2015,Real Estate,North America,435231,786639,31.57,22.6,No,40.25,0.68,193150,Moderate,1,42.19,80.88,4,51.4,Failed,0.0,Low Risk
CMP1389,2012,Education,Africa,490755,232041,30.94,64.05,No,17.97,0.59,57759,High,9,52.22,79.78,8,65.55,Survived,0.0,Low Risk
CMP1390,2021,Real Estate,North America,63585,350877,-13.28,97.9,No,10.39,0.46,106973,Moderate,12,57.95,47.48,7,80.13,Failed,1.0,High Risk
CMP1391,2018,Education,Europe,309102,754296,1.59,60.35,Yes,23.04,0.33,45306,Low,5,39.56,85.98,7,32.62,Survived,0.0,Low Risk
CMP1392,2014,Education,North America,308161,124982,38.95,35.78,Yes,33.89,0.75,109369,Moderate,3,15.13,48.51,9,44.2,Failed,0.0,Low Risk
CMP1393,2017,Manufacturing,Africa,489923,256911,24.04,64.78,No,23.18,0.29,187443,Low,5,10.81,56.56,5,83.38,Failed,0.0,Low Risk
CMP1394,2022,Food & Beverage,South America,406821,68619,-28.1,12.29,No,22.78,0.69,152990,Low,2,49.71,53.69,6,30.55,Failed,1.0,High Risk
CMP1395,2010,Logistics,North America,458566,684688,-25.44,88.87,No,38.04,0.3,29379,High,14,36.83,60.48,1,42.08,Failed,1.0,High Risk
CMP1396,2014,Manufacturing,North America,425417,308623,2.48,50.31,Yes,17.54,0.63,121667,High,2,39.01,54.01,6,87.54,Failed,0.0,Low Risk
CMP1397,2012,Finance,Asia,311570,501643,33.65,44.93,No,38.97,0.74,135034,High,13,47.98,66.89,2,66.8,Failed,0.0,Low Risk
CMP1398,2021,Manufacturing,South America,299922,151175,7.71,58.59,No,19.49,0.29,145923,Moderate,7,43.68,62.41,6,45.7,Survived,0.0,Low Risk
CMP1399,2010,Healthcare,Europe,196313,170963,4.85,62.48,No,16.11,0.15,118626,High,10,50.9,94.26,9,34.02,Survived,0.0,Low Risk
CMP1400,2013,Healthcare,Africa,62229,141826,-22.62,7.18,Yes,21.52,0.21,177819,Low,13,8.09,43.08,8,31.69,Failed,1.0,High Risk
CMP1401,2022,Logistics,Europe,106652,755343,15.97,68.26,Yes,34.79,0.62,126180,High,16,46.11,47.82,9,44.68,Failed,0.0,Low Risk
CMP1402,2014,Real Estate,South America,410411,867869,27.55,24.19,No,7.42,0.82,53349,High,14,51.8,42.91,8,82.89,Failed,0.0,Low Risk
CMP1403,2016,Food & Beverage,North America,269474,98540,-3.37,71.4,Yes,10.45,0.14,188428,Moderate,11,20.74,74.42,3,54.95,Failed,1.0,High Risk
CMP1404,2010,Logistics,North America,199436,859414,24.29,82.25,No,42.91,0.72,146817,Moderate,10,40.22,43.0,8,73.22,Failed,0.0,Low Risk
CMP1405,2012,Education,South America,408647,627035,37.51,80.4,No,9.55,0.39,6730,Low,6,22.28,86.0,6,85.1,Survived,0.0,Low Risk
CMP1406,2011,Technology,North America,280116,186994,-15.74,55.25,Yes,26.41,0.51,145993,Moderate,4,57.69,68.16,6,54.48,Failed,1.0,High Risk
CMP1407,2018,Food & Beverage,North America,367022,310375,6.63,52.02,No,26.91,0.89,20023,High,1,6.84,68.99,6,41.48,Failed,0.0,Low Risk
CMP1408,2019,Food & Beverage,North America,339200,29301,-9.9,14.29,Yes,23.05,0.38,177421,Moderate,7,36.89,70.89,3,61.03,Failed,1.0,High Risk
CMP1409,2015,Education,Africa,440706,222724,25.5,77.53,No,29.72,0.5,127796,Low,9,14.16,49.39,1,84.49,Failed,0.0,Low Risk
CMP1410,2019,Education,Africa,39975,514003,10.43,27.14,No,11.88,0.11,82533,High,8,44.17,50.87,4,78.26,Failed,0.0,Low Risk
CMP1411,2012,Retail,Asia,177795,193783,14.42,49.67,Yes,25.76,0.17,84286,Low,5,14.67,57.53,6,33.95,Failed,0.0,Low Risk
CMP1412,2017,Logistics,Europe,436495,696683,25.85,28.43,Yes,18.0,0.32,42979,Moderate,19,17.95,72.64,2,71.55,Failed,0.0,Low Risk
CMP1413,2017,Education,South America,229373,18752,-2.28,13.38,Yes,30.45,0.12,23837,Moderate,10,32.19,51.56,7,64.31,Failed,1.0,High Risk
CMP1414,2011,Healthcare,South America,424777,737565,34.06,62.96,Yes,8.07,0.64,147069,Low,11,55.32,46.4,7,84.45,Failed,0.0,Low Risk
CMP1415,2015,Finance,South America,217133,884884,7.31,5.43,No,26.55,0.46,105975,High,15,16.64,93.36,4,37.35,Failed,0.0,Low Risk
CMP1416,2016,Technology,Asia,370541,668755,-18.94,74.86,No,9.97,0.57,177111,Moderate,6,12.93,41.21,4,62.04,Failed,1.0,High Risk
CMP1417,2011,Logistics,Africa,200225,217029,18.71,31.76,Yes,13.98,0.25,21923,Moderate,15,46.74,84.15,1,82.77,Failed,0.0,Low Risk
CMP1418,2020,Healthcare,Asia,315286,907669,25.53,0.01,Yes,11.4,0.35,9876,High,5,32.53,83.34,2,54.6,Failed,0.0,Low Risk
CMP1419,2019,Real Estate,South America,309060,56273,-7.83,51.11,Yes,9.86,0.66,61973,Moderate,19,55.15,56.35,9,58.92,Failed,1.0,High Risk
CMP1420,2011,Education,Europe,84324,258503,30.0,4.69,No,37.51,0.92,134959,Low,19,13.06,47.46,8,34.23,Failed,0.0,Low Risk
CMP1421,2019,Education,North America,196037,616166,33.43,27.62,Yes,14.29,0.14,195795,Moderate,10,40.53,48.01,8,46.69,Failed,0.0,Low Risk
CMP1422,2010,Food & Beverage,Africa,408076,791327,-10.62,70.7,No,41.87,0.86,43422,Moderate,12,17.81,78.36,9,49.47,Failed,1.0,High Risk
CMP1423,2017,Healthcare,Africa,155720,119968,38.85,6.27,No,43.71,0.59,52413,High,4,13.62,75.35,7,86.71,Failed,0.0,Low Risk
CMP1424,2010,Food & Beverage,Asia,186205,377844,-20.15,83.93,No,26.56,0.58,103484,Low,18,42.59,83.05,9,46.96,Failed,1.0,High Risk
CMP1425,2018,Retail,Africa,463893,600847,-15.86,0.38,Yes,8.15,0.53,134913,High,16,37.65,91.56,2,57.65,Failed,1.0,High Risk
CMP1426,2020,Food & Beverage,South America,116059,10699,-17.1,24.68,No,18.11,0.16,29756,Moderate,8,46.52,78.06,6,70.28,Failed,1.0,High Risk
CMP1427,2015,Retail,South America,118317,196133,32.58,74.09,Yes,36.3,0.18,72576,Moderate,4,22.02,48.57,3,39.73,Failed,0.0,Low Risk
CMP1428,2016,Retail,Asia,221207,534003,15.8,31.63,Yes,17.8,0.61,119248,High,12,29.64,53.39,6,59.19,Failed,0.0,Low Risk
CMP1429,2022,Education,South America,317190,19169,-19.35,10.19,No,5.74,0.39,11304,High,2,27.3,86.32,3,74.31,Failed,1.0,High Risk
CMP1430,2019,Real Estate,Europe,460280,518652,0.82,36.02,No,25.94,0.88,31341,High,4,59.12,51.51,8,82.01,Failed,0.07200000000000002,Low Risk
CMP1431,2016,Food & Beverage,Asia,121459,118413,13.07,27.04,Yes,38.34,0.45,136830,Low,5,21.07,43.99,4,67.58,Failed,0.0,Low Risk
CMP1432,2019,Healthcare,Europe,257697,933667,-24.16,84.27,Yes,36.22,0.22,149082,Moderate,3,21.21,78.68,6,70.14,Failed,1.0,High Risk
CMP1433,2012,Retail,North America,220422,643552,31.77,31.33,Yes,9.53,0.71,128039,High,9,24.5,62.14,9,37.58,Failed,0.0,Low Risk
CMP1434,2011,Education,Europe,328037,267926,26.25,78.89,Yes,30.93,0.35,192830,Moderate,18,36.05,90.6,2,86.75,Survived,0.0,Low Risk
CMP1435,2018,Technology,North America,121520,743537,5.36,89.19,Yes,11.48,0.55,163730,Low,11,18.88,75.76,2,37.95,Survived,0.0,Low Risk
CMP1436,2017,Logistics,North America,407962,522988,37.7,43.38,Yes,11.38,0.69,181074,Low,3,55.34,44.97,7,76.48,Failed,0.0,Low Risk
CMP1437,2022,Real Estate,Europe,81272,124481,-0.76,90.99,No,39.59,0.87,133447,Low,2,19.61,92.13,2,45.89,Failed,0.7040000000000001,High Risk
CMP1438,2021,Manufacturing,Asia,243224,215400,38.89,37.73,No,12.74,0.77,100485,Low,9,54.27,54.22,2,86.02,Failed,0.0,Low Risk
CMP1439,2019,Technology,South America,349793,559873,16.75,96.41,No,13.32,0.67,23092,Moderate,14,10.69,58.55,4,73.2,Failed,0.0,Low Risk
CMP1440,2016,Logistics,South America,346818,817114,14.43,8.93,No,2.03,0.68,132562,Low,4,41.11,62.12,9,75.23,Failed,0.0,Low Risk
CMP1441,2018,Technology,North America,164832,178936,-18.38,68.7,Yes,39.44,0.9,4729,Low,9,54.88,42.82,8,43.14,Failed,1.0,High Risk
CMP1442,2013,Food & Beverage,North America,172999,392136,31.73,49.38,No,36.08,0.35,138046,High,13,14.28,67.31,2,56.58,Survived,0.0,Low Risk
CMP1443,2022,Retail,Asia,368619,870848,-0.08,38.76,No,28.98,0.1,119222,Low,18,58.26,46.78,8,67.07,Failed,0.43200000000000005,Moderate Risk
CMP1444,2013,Real Estate,Africa,81367,448330,-18.64,63.27,No,34.26,0.33,86216,High,15,29.91,62.05,4,76.2,Failed,1.0,High Risk
CMP1445,2010,Finance,Europe,249027,389954,-29.12,70.39,No,8.54,0.29,84860,Low,10,57.01,59.29,2,36.24,Failed,1.0,High Risk
CMP1446,2017,Retail,North America,425804,38067,9.18,0.44,No,21.71,0.66,97870,Low,16,42.23,82.51,7,87.74,Failed,0.0,Low Risk
CMP1447,2021,Finance,South America,403894,698045,6.92,16.7,No,17.1,0.64,22398,High,12,21.59,84.17,6,83.41,Failed,0.0,Low Risk
CMP1448,2012,Logistics,Asia,252750,777622,20.35,71.3,Yes,6.03,0.6,35650,Low,5,15.36,48.44,5,46.22,Failed,0.0,Low Risk
CMP1449,2016,Education,Europe,255806,18073,32.32,66.64,No,22.9,0.11,153364,Moderate,2,21.71,60.16,1,79.37,Survived,0.0,Low Risk
CMP1450,2021,Manufacturing,Asia,400298,36035,-24.44,96.6,No,41.59,0.72,104889,Moderate,10,10.12,60.53,2,61.1,Failed,1.0,High Risk
CMP1451,2011,Healthcare,Europe,203305,196049,21.2,76.1,No,3.72,0.38,4159,Low,1,12.91,48.33,8,57.71,Failed,0.0,Low Risk
CMP1452,2011,Retail,Europe,64738,233782,-16.88,95.08,No,14.53,0.67,99162,Moderate,7,10.76,83.91,1,48.87,Failed,1.0,High Risk
CMP1453,2016,Real Estate,North America,53397,614661,30.07,70.25,Yes,10.92,0.57,194838,High,17,28.26,78.9,3,64.86,Survived,0.0,Low Risk
CMP1454,2015,Technology,Asia,364333,869794,27.33,29.81,Yes,12.24,0.39,103834,Low,16,48.76,50.47,2,73.79,Failed,0.0,Low Risk
CMP1455,2012,Real Estate,Asia,358511,614805,7.86,10.54,No,41.06,0.21,149137,Low,3,12.78,60.17,5,54.66,Failed,0.0,Low Risk
CMP1456,2018,Logistics,South America,222332,589738,19.72,78.18,No,22.13,0.18,22638,High,14,12.17,45.82,4,67.75,Failed,0.0,Low Risk
CMP1457,2019,Finance,South America,402729,534670,-8.0,64.41,No,22.05,0.81,2073,High,10,40.39,74.55,7,71.96,Failed,1.0,High Risk
CMP1458,2022,Technology,North America,358763,921941,2.98,4.82,Yes,34.7,0.88,178583,High,7,15.85,46.68,5,72.67,Failed,0.0,Low Risk
CMP1459,2015,Healthcare,North America,131453,726331,27.51,36.01,Yes,8.64,0.65,30320,Low,17,10.37,94.23,8,33.12,Failed,0.0,Low Risk
CMP1460,2019,Healthcare,Africa,39816,457828,2.15,95.68,No,22.95,0.19,35924,High,6,14.18,82.94,4,81.58,Survived,0.0,Low Risk
CMP1461,2019,Retail,South America,455456,745715,-4.95,50.04,No,20.49,0.44,172806,High,4,55.81,61.46,6,57.5,Failed,1.0,High Risk
CMP1462,2015,Logistics,Europe,419492,61929,4.59,43.27,No,27.67,0.72,69116,Moderate,17,50.18,71.82,4,45.74,Failed,0.0,Low Risk
CMP1463,2010,Education,Asia,265011,757771,27.98,45.77,No,44.98,0.76,172097,Moderate,9,24.47,90.12,2,44.51,Failed,0.0,Low Risk
CMP1464,2013,Logistics,North America,361674,752878,-6.54,20.89,No,35.09,0.2,3159,Low,4,41.07,70.48,1,58.98,Failed,1.0,High Risk
CMP1465,2019,Finance,Asia,436715,885296,-17.84,36.87,Yes,19.11,0.1,49940,Moderate,7,34.55,49.6,1,83.21,Failed,1.0,High Risk
CMP1466,2015,Real Estate,Asia,391000,667689,19.84,36.98,No,37.58,0.71,80436,Moderate,2,42.24,60.83,8,52.7,Failed,0.0,Low Risk
CMP1467,2015,Healthcare,Africa,233567,780965,27.82,5.24,Yes,9.34,0.4,15678,High,17,42.55,86.37,4,74.98,Failed,0.0,Low Risk
CMP1468,2020,Real Estate,South America,91635,287313,-22.96,76.76,Yes,3.31,0.32,193147,High,8,39.58,75.43,5,35.81,Failed,1.0,High Risk
CMP1469,2021,Real Estate,North America,389947,87468,-13.21,41.65,No,10.79,0.11,179276,Moderate,15,19.64,75.79,8,58.56,Failed,1.0,High Risk
CMP1470,2014,Real Estate,Asia,236184,34594,-20.06,82.22,No,16.64,0.56,144093,Moderate,15,7.15,87.68,7,89.5,Failed,1.0,High Risk
CMP1471,2010,Healthcare,North America,318090,994461,-5.64,85.03,Yes,23.95,0.82,138844,Moderate,8,30.06,89.17,8,76.23,Failed,1.0,High Risk
CMP1472,2017,Food & Beverage,Europe,337348,191703,1.52,21.2,No,28.45,0.91,68163,Low,16,54.0,90.59,8,42.63,Failed,0.0,Low Risk
CMP1473,2014,Finance,Africa,202958,45033,22.42,65.74,Yes,41.16,0.58,155536,Low,19,36.32,45.22,6,60.09,Failed,0.0,Low Risk
CMP1474,2021,Finance,Europe,484868,587421,15.58,47.23,Yes,23.92,0.54,52137,Low,11,50.78,69.93,2,44.02,Survived,0.0,Low Risk
CMP1475,2021,Technology,North America,297707,990669,13.46,88.02,Yes,23.55,0.17,162304,Moderate,2,59.54,80.73,6,54.57,Survived,0.0,Low Risk
CMP1476,2021,Logistics,North America,112324,73861,-5.33,21.57,Yes,4.16,0.57,62497,Moderate,17,14.0,81.63,1,76.81,Failed,1.0,High Risk
CMP1477,2014,Logistics,South America,243536,707650,28.9,67.78,No,3.5,0.42,101485,Low,16,43.05,73.37,1,76.27,Survived,0.0,Low Risk
CMP1478,2016,Manufacturing,Asia,252944,293894,2.99,60.78,Yes,25.7,0.62,183520,Low,15,42.09,49.17,3,43.69,Failed,0.0,Low Risk
CMP1479,2013,Logistics,Asia,291991,564749,38.54,29.53,No,20.84,0.43,106468,Moderate,13,58.9,83.86,3,85.33,Failed,0.0,Low Risk
CMP1480,2015,Healthcare,Europe,46155,467016,14.39,13.66,No,38.08,0.3,1901,High,15,59.21,79.61,5,65.55,Failed,0.0,Low Risk
CMP1481,2022,Education,Africa,361815,78222,-21.16,65.16,Yes,8.91,0.18,88980,Low,4,42.77,44.74,1,52.8,Failed,1.0,High Risk
CMP1482,2013,Retail,Asia,136891,636308,17.33,73.86,No,3.07,0.37,108594,Moderate,16,18.4,65.51,6,60.12,Survived,0.0,Low Risk
CMP1483,2012,Manufacturing,South America,365454,810658,-7.24,31.56,Yes,21.31,0.18,3881,Moderate,12,48.92,49.57,7,66.3,Failed,1.0,High Risk
CMP1484,2016,Retail,Europe,480494,793153,18.04,64.48,No,12.21,0.25,30863,High,4,10.89,58.56,3,63.59,Failed,0.0,Low Risk
CMP1485,2017,Finance,Europe,169381,973658,-25.13,39.51,Yes,4.13,0.94,137694,Moderate,3,47.94,40.99,4,59.18,Failed,1.0,High Risk
CMP1486,2013,Retail,South America,151691,544897,-17.76,71.32,Yes,33.16,0.48,133450,Moderate,17,55.06,62.02,3,60.3,Failed,1.0,High Risk
CMP1487,2022,Retail,Africa,496410,969634,29.9,19.92,Yes,6.8,0.55,46201,Low,18,26.06,70.24,1,40.58,Failed,0.0,Low Risk
CMP1488,2011,Manufacturing,South America,463324,654801,-14.1,89.02,Yes,28.16,0.84,60251,Low,18,39.68,74.08,8,78.76,Failed,1.0,High Risk
CMP1489,2021,Technology,Africa,54707,203981,28.59,28.74,Yes,14.09,0.95,73572,High,17,28.66,76.49,2,62.51,Failed,0.0,Low Risk
CMP1490,2019,Real Estate,South America,433553,104211,-10.45,36.78,No,9.46,0.6,40255,High,12,29.08,86.0,1,37.86,Failed,1.0,High Risk
CMP1491,2012,Logistics,South America,363681,186321,15.0,5.81,No,18.33,0.79,64212,Moderate,4,22.07,51.85,8,75.97,Failed,0.0,Low Risk
CMP1492,2010,Logistics,North America,217576,442111,18.59,11.15,No,36.46,0.38,51210,Low,12,46.92,46.63,7,85.95,Failed,0.0,Low Risk
CMP1493,2017,Healthcare,Europe,198686,487689,5.89,51.59,No,18.86,0.36,126629,High,15,56.49,86.83,7,86.84,Survived,0.0,Low Risk
CMP1494,2012,Manufacturing,South America,242500,923160,-8.63,26.76,Yes,34.28,0.44,23499,High,16,56.74,48.61,4,52.14,Failed,1.0,High Risk
CMP1495,2021,Healthcare,South America,373299,911297,-15.11,83.55,Yes,7.4,0.67,103552,High,5,14.61,93.61,9,38.13,Failed,1.0,High Risk
CMP1496,2019,Education,Asia,282425,860952,-27.68,1.47,Yes,35.23,0.68,183700,Moderate,15,53.11,86.34,6,61.1,Failed,1.0,High Risk
CMP1497,2016,Education,Europe,178492,456956,-8.72,37.91,Yes,12.19,0.37,62360,Low,17,45.56,67.55,2,36.76,Failed,1.0,High Risk
CMP1498,2019,Healthcare,Asia,494112,850741,15.72,33.73,No,31.13,0.21,136675,High,18,18.91,93.98,1,86.04,Failed,0.0,Low Risk
CMP1499,2014,Manufacturing,Europe,190102,29984,35.68,1.93,No,26.33,0.64,128466,Low,5,8.7,45.36,1,41.01,Failed,0.0,Low Risk
